<?xml version="1.0" encoding="UTF-8"?>
<GenRun Id="impl_1" LaunchPart="xc7a35tcsg324-1" LaunchTime="1751752411">
  <File Type="ROUTE-PWR" Name="core_kr_power_routed.rpt"/>
  <File Type="PA-TCL" Name="core_kr.tcl"/>
  <File Type="ROUTE-PWR-SUM" Name="core_kr_power_summary_routed.pb"/>
  <File Type="REPORTS-TCL" Name="core_kr_reports.tcl"/>
  <File Type="OPT-RQA-PB" Name="core_kr_rqa_opted.pb"/>
  <File Type="BITSTR-MMI" Name="core_kr.mmi"/>
  <File Type="OPT-METHODOLOGY-DRC" Name="core_kr_methodology_drc_opted.rpt"/>
  <File Type="INIT-TIMING" Name="core_kr_timing_summary_init.rpt"/>
  <File Type="OPT-TIMING" Name="core_kr_timing_summary_opted.rpt"/>
  <File Type="OPT-DCP" Name="core_kr_opt.dcp"/>
  <File Type="OPT-DRC" Name="core_kr_drc_opted.rpt"/>
  <File Type="OPT-HWDEF" Name="core_kr.hwdef"/>
  <File Type="PWROPT-DCP" Name="core_kr_pwropt.dcp"/>
  <File Type="PWROPT-DRC" Name="core_kr_drc_pwropted.rpt"/>
  <File Type="PWROPT-TIMING" Name="core_kr_timing_summary_pwropted.rpt"/>
  <File Type="PLACE-DCP" Name="core_kr_placed.dcp"/>
  <File Type="PLACE-IO" Name="core_kr_io_placed.rpt"/>
  <File Type="PLACE-CLK" Name="core_kr_clock_utilization_placed.rpt"/>
  <File Type="PLACE-UTIL" Name="core_kr_utilization_placed.rpt"/>
  <File Type="PLACE-UTIL-PB" Name="core_kr_utilization_placed.pb"/>
  <File Type="PLACE-CTRL" Name="core_kr_control_sets_placed.rpt"/>
  <File Type="PLACE-SIMILARITY" Name="core_kr_incremental_reuse_placed.rpt"/>
  <File Type="PLACE-PRE-SIMILARITY" Name="core_kr_incremental_reuse_pre_placed.rpt"/>
  <File Type="BG-BIN" Name="core_kr.bin"/>
  <File Type="PLACE-TIMING" Name="core_kr_timing_summary_placed.rpt"/>
  <File Type="ROUTE-PWR-RPX" Name="core_kr_power_routed.rpx"/>
  <File Type="PLACE-RQA-PB" Name="core_kr_rqa_placed.pb"/>
  <File Type="POSTPLACE-PWROPT-DCP" Name="core_kr_postplace_pwropt.dcp"/>
  <File Type="BITSTR-MSK" Name="core_kr.msk"/>
  <File Type="POSTPLACE-PWROPT-TIMING" Name="core_kr_timing_summary_postplace_pwropted.rpt"/>
  <File Type="PHYSOPT-DCP" Name="core_kr_physopt.dcp"/>
  <File Type="PHYSOPT-DRC" Name="core_kr_drc_physopted.rpt"/>
  <File Type="BITSTR-RBT" Name="core_kr.rbt"/>
  <File Type="PHYSOPT-TIMING" Name="core_kr_timing_summary_physopted.rpt"/>
  <File Type="ROUTE-ERROR-DCP" Name="core_kr_routed_error.dcp"/>
  <File Type="ROUTE-DCP" Name="core_kr_routed.dcp"/>
  <File Type="ROUTE-BLACKBOX-DCP" Name="core_kr_routed_bb.dcp"/>
  <File Type="ROUTE-DRC" Name="core_kr_drc_routed.rpt"/>
  <File Type="ROUTE-DRC-PB" Name="core_kr_drc_routed.pb"/>
  <File Type="ROUTE-DRC-RPX" Name="core_kr_drc_routed.rpx"/>
  <File Type="ROUTE-METHODOLOGY-DRC" Name="core_kr_methodology_drc_routed.rpt"/>
  <File Type="ROUTE-METHODOLOGY-DRC-RPX" Name="core_kr_methodology_drc_routed.rpx"/>
  <File Type="ROUTE-METHODOLOGY-DRC-PB" Name="core_kr_methodology_drc_routed.pb"/>
  <File Type="ROUTE-RQS-PB" Name="core_kr_rqs_routed.pb"/>
  <File Type="ROUTE-STATUS" Name="core_kr_route_status.rpt"/>
  <File Type="ROUTE-STATUS-PB" Name="core_kr_route_status.pb"/>
  <File Type="ROUTE-TIMINGSUMMARY" Name="core_kr_timing_summary_routed.rpt"/>
  <File Type="ROUTE-TIMING-PB" Name="core_kr_timing_summary_routed.pb"/>
  <File Type="ROUTE-TIMING-RPX" Name="core_kr_timing_summary_routed.rpx"/>
  <File Type="ROUTE-SIMILARITY" Name="core_kr_incremental_reuse_routed.rpt"/>
  <File Type="ROUTE-CLK" Name="core_kr_clock_utilization_routed.rpt"/>
  <File Type="ROUTE-BUS-SKEW" Name="core_kr_bus_skew_routed.rpt"/>
  <File Type="ROUTE-BUS-SKEW-PB" Name="core_kr_bus_skew_routed.pb"/>
  <File Type="ROUTE-BUS-SKEW-RPX" Name="core_kr_bus_skew_routed.rpx"/>
  <File Type="POSTROUTE-PHYSOPT-DCP" Name="core_kr_postroute_physopt.dcp"/>
  <File Type="POSTROUTE-PHYSOPT-BLACKBOX-DCP" Name="core_kr_postroute_physopt_bb.dcp"/>
  <File Type="POSTROUTE-PHYSOPT-TIMING" Name="core_kr_timing_summary_postroute_physopted.rpt"/>
  <File Type="POSTROUTE-PHYSOPT-TIMING-PB" Name="core_kr_timing_summary_postroute_physopted.pb"/>
  <File Type="POSTROUTE-PHYSOPT-TIMING-RPX" Name="core_kr_timing_summary_postroute_physopted.rpx"/>
  <File Type="POSTROUTE-PHYSOPT-BUS-SKEW" Name="core_kr_bus_skew_postroute_physopted.rpt"/>
  <File Type="BG-BIT" Name="core_kr.bit"/>
  <File Type="POSTROUTE-PHYSOPT-BUS-SKEW-PB" Name="core_kr_bus_skew_postroute_physopted.pb"/>
  <File Type="POSTROUTE-PHYSOPT-BUS-SKEW-RPX" Name="core_kr_bus_skew_postroute_physopted.rpx"/>
  <File Type="BITSTR-NKY" Name="core_kr.nky"/>
  <File Type="BITSTR-BMM" Name="core_kr_bd.bmm"/>
  <File Type="PDI-FILE" Name="core_kr.pdi"/>
  <File Type="BOOT-PDI-FILE" Name="core_kr_boot.pdi"/>
  <File Type="PL-PDI-FILE" Name="core_kr_pld.pdi"/>
  <File Type="RCFI_FILE" Name="core_kr.rcfi"/>
  <File Type="CFI_FILE" Name="core_kr.cfi"/>
  <File Type="RNPI_FILE" Name="core_kr.rnpi"/>
  <File Type="NPI_FILE" Name="core_kr.npi"/>
  <File Type="RBD_FILE" Name="core_kr.rbd"/>
  <File Type="BITSTR-LTX" Name="debug_nets.ltx"/>
  <File Type="BITSTR-LTX" Name="core_kr.ltx"/>
  <File Type="BITSTR-SYSDEF" Name="core_kr.sysdef"/>
  <File Type="BG-BGN" Name="core_kr.bgn"/>
  <File Type="BG-DRC" Name="core_kr.drc"/>
  <File Type="RDI-RDI" Name="core_kr.vdi"/>
  <File Type="WBT-USG" Name="usage_statistics_webtalk.html"/>
  <File Type="ROUTE-RQS" Name="core_kr_routed.rqs"/>
  <File Type="POSTROUTE-PHYSOPT-RQS" Name="core_kr_postroute_physopted.rqs"/>
  <File Type="ROUTE-RQS-RPT" Name="route_report_qor_suggestions_0.rpt"/>
  <File Type="POSTROUTE-PHYSOPT-RQS-RPT" Name="postroute_physopt_report_qor_suggestions_0.rpt"/>
  <FileSet Name="sources" Type="DesignSrcs" RelSrcDir="$PSRCDIR/sources_1" RelGenDir="$PGENDIR/sources_1">
    <Filter Type="Srcs"/>
    <File Path="$PSRCDIR/sources_1/new/core_kr.vhd">
      <FileInfo>
        <Attr Name="UsedIn" Val="synthesis"/>
        <Attr Name="UsedIn" Val="simulation"/>
      </FileInfo>
    </File>
    <Config>
      <Option Name="DesignMode" Val="RTL"/>
      <Option Name="TopModule" Val="core_kr"/>
      <Option Name="TopAutoSet" Val="TRUE"/>
    </Config>
  </FileSet>
  <FileSet Name="constrs_in" Type="Constrs" RelSrcDir="$PSRCDIR/constrs_1" RelGenDir="$PGENDIR/constrs_1">
    <Filter Type="Constrs"/>
    <File Path="$PSRCDIR/constrs_1/new/constraints.xdc">
      <FileInfo>
        <Attr Name="UsedIn" Val="synthesis"/>
        <Attr Name="UsedIn" Val="implementation"/>
      </FileInfo>
    </File>
    <Config>
      <Option Name="ConstrsType" Val="XDC"/>
    </Config>
  </FileSet>
  <FileSet Name="utils" Type="Utils" RelSrcDir="$PSRCDIR/utils_1" RelGenDir="$PGENDIR/utils_1">
    <Filter Type="Utils"/>
    <File Path="$PSRCDIR/utils_1/imports/synth_1/core_kr.dcp">
      <FileInfo>
        <Attr Name="UsedIn" Val="synthesis"/>
        <Attr Name="UsedIn" Val="implementation"/>
        <Attr Name="UsedInSteps" Val="synth_1"/>
        <Attr Name="AutoDcp" Val="1"/>
      </FileInfo>
    </File>
    <Config>
      <Option Name="TopAutoSet" Val="TRUE"/>
    </Config>
  </FileSet>
  <Strategy Version="1" Minor="2">
    <StratHandle Name="Vivado Implementation Defaults" Flow="Vivado Implementation 2023">
      <Desc>Default settings for Implementation.</Desc>
    </StratHandle>
    <Step Id="init_design"/>
    <Step Id="opt_design"/>
    <Step Id="power_opt_design"/>
    <Step Id="place_design"/>
    <Step Id="post_place_power_opt_design"/>
    <Step Id="phys_opt_design"/>
    <Step Id="route_design"/>
    <Step Id="post_route_phys_opt_design"/>
    <Step Id="write_bitstream"/>
  </Strategy>
</GenRun>
